{"cameraMode":{"drawMode":0,"name":"Shaded","section":"Shading Mode"},"sceneLighting":true,"audioPlay":false,"sceneViewState":{"showFog":true,"showMaterialUpdate":false,"showSkybox":true,"showFlares":true,"showImageEffects":true,"showParticleSystems":true},"in2DMode":false,"pivot":{"x":-2.1441988945007326,"y":2.5991897583007814,"z":1.537071943283081},"rotation":{"x":-0.11024200916290283,"y":0.8640179634094238,"z":-0.21584925055503846,"w":-0.44128456711769106},"size":4.419292449951172,"orthographic":false}